{"WH_lep_FWDH": {"scale_down": 0.9946322276845541, "scale_up": 1.007289440087289}, "WH_lep_PTV_150_250_GE1J": {"scale_down": 0.9613785698994692, "scale_up": 1.0140138560823364}, "WH_lep_PTV_0_75": {"scale_down": 1.0095442387300468, "scale_up": 0.9916890842290826}, "WH_lep_PTV_150_250_0J": {"scale_down": 1.0097679510859614, "scale_up": 0.9952067312712388}, "WH_lep_PTV_GT250": {"scale_down": 0.9609715538332065, "scale_up": 1.031688631350236}, "WH_lep_PTV_75_150": {"scale_down": 0.9945318685565327, "scale_up": 1.005889211519421}}