{"ggZH_had_0J_PTH_0_10": {"scale_down": 1.0187106135068515, "scale_up": 0.9789795424075101}, "ggZH_had_PTH_450_650": {"scale_down": 0.978098164106197, "scale_up": 1.0264351455482348}, "ggZH_had_GE2J_MJJ_350_700_PTH_0_200_PTHJJ_GT25": {"scale_down": 1.0017414797921356, "scale_up": 0.9978958228127733}, "ggZH_had_FWDH": {"scale_down": 0.978427288600871, "scale_up": 1.0248314116184487}, "ggZH_had_1J_PTH_60_120": {"scale_down": 1.0099953592454882, "scale_up": 0.9884523183532976}, "ggZH_had_0J_PTH_GT10": {"scale_down": 1.0174975106397244, "scale_up": 0.9801599934101928}, "ggZH_had_1J_PTH_0_60": {"scale_down": 1.0146485749504504, "scale_up": 0.9833269161387291}, "ggZH_had_GE2J_MJJ_GT700_PTH_0_200_PTHJJ_0_25": {"scale_down": 0.9959132924103813, "scale_up": 1.004642511243293}, "ggZH_had_GE2J_MJJ_0_350_PTH_0_60": {"scale_down": 1.0130308608045409, "scale_up": 0.985108483994619}, "ggZH_had_GE2J_MJJ_0_350_PTH_60_120": {"scale_down": 1.0088778991668155, "scale_up": 0.9897007801050401}, "ggZH_had_PTH_300_450": {"scale_down": 0.9781663857452528, "scale_up": 1.0261304368925102}, "ggZH_had_GE2J_MJJ_0_350_PTH_120_200": {"scale_down": 1.0000153277260753, "scale_up": 0.9997941045483009}, "ggZH_had_PTH_GT650": {"scale_down": 0.9747441763459509, "scale_up": 1.030495831768853}, "ggZH_had_1J_PTH_120_200": {"scale_down": 1.0004577042878526, "scale_up": 0.9992594095530879}, "ggZH_had_GE2J_MJJ_350_700_PTH_0_200_PTHJJ_0_25": {"scale_down": 1.0035744250261058, "scale_up": 0.9958106625691776}, "ggZH_had_PTH_200_300": {"scale_down": 0.9869305066783921, "scale_up": 1.0152667208319706}, "ggZH_had_GE2J_MJJ_GT700_PTH_0_200_PTHJJ_GT25": {"scale_down": 0.9962993466235741, "scale_up": 1.0041851481337465}}