{"ggZH_ll_PTV_0_75": {"scale_down": 1.012027117549648, "scale_up": 0.9870946442339646}, "ggZH_nunu_PTV_150_250_GE1J": {"scale_down": 0.9948570012401721, "scale_up": 1.0057224331202421}, "ggZH_ll_PTV_75_150": {"scale_down": 1.0059721765683076, "scale_up": 0.9938438551785815}, "ggZH_nunu_PTV_GT250": {"scale_down": 0.9786272368020918, "scale_up": 1.0253323068629507}, "ggZH_ll_PTV_GT250": {"scale_down": 0.9792032855732701, "scale_up": 1.02565308995945}, "ggZH_nunu_PTV_150_250_0J": {"scale_down": 0.99052466925208, "scale_up": 1.0106971532714197}, "ggZH_nunu_PTV_0_75": {"scale_down": 1.0115932050569447, "scale_up": 0.9865935044122125}, "ggZH_ll_FWDH": {"scale_down": 0.9793626682624192, "scale_up": 1.0245385087129397}, "ggZH_ll_PTV_150_250_GE1J": {"scale_down": 0.9952969148598773, "scale_up": 1.0062164414760293}, "ggZH_nunu_PTV_75_150": {"scale_down": 1.0054975074612087, "scale_up": 0.9933947878572461}, "ggZH_nunu_FWDH": {"scale_down": 0.9785997251388809, "scale_up": 1.0244863918257388}, "ggZH_ll_PTV_150_250_0J": {"scale_down": 0.9910886243138208, "scale_up": 1.0110388746930947}}