{"ZH_lep_PTV_150_250_GE1J": {"scale_down": 0.9502435892732933, "scale_up": 1.0362903822016374}, "ZH_lep_FWDH": {"scale_down": 0.9948411727482194, "scale_up": 1.0061760561506206}, "ZH_lep_PTV_75_150": {"scale_down": 0.9988422966209127, "scale_up": 0.9997036775997247}, "ZH_lep_PTV_150_250_0J": {"scale_down": 1.0132780060938806, "scale_up": 0.9897202572764209}, "ZH_lep_PTV_GT250": {"scale_down": 0.961699129331341, "scale_up": 1.035489521622057}, "ZH_lep_PTV_0_75": {"scale_down": 1.0077611907244983, "scale_up": 0.9940748133014967}}