{"ttH_PTH_120_200": {"scale_down": 1.0021248930208702, "scale_up": 0.9906368148454839}, "ttH_PTH_200_300": {"scale_down": 1.00024586759749, "scale_up": 0.9852291245945247}, "ttH_PTH_0_60": {"scale_down": 0.9949385406300643, "scale_up": 1.0227099565132691}, "ttH_FWDH": {"scale_down": 0.9899621330674759, "scale_up": 1.0235937324009923}, "ttH_PTH_GT300": {"scale_down": 0.9778246870615218, "scale_up": 1.013846846006435}, "ttH_PTH_60_120": {"scale_down": 1.0054817925059825, "scale_up": 0.9936580126898994}}