{"ggH_FWDH": {"ps_up": 0.9768361746309939, "ps_down": 1.023163825369006, "ue_down": 0.979098378233784, "ue_up": 1.0209016217662161}, "WH_had_GE2J_MJJ_GT700_PTH_0_200_PTHJJ_GT25": {"ps_up": 1.0528335729515323, "ps_down": 0.9471664270484677, "ue_down": 1.027331834572358, "ue_up": 0.972668165427642}, "ZH_had_0J": {"ps_up": 0.9152267844080519, "ps_down": 1.084773215591948, "ue_down": 1.0282590430791667, "ue_up": 0.9717409569208334}, "ZH_lep_FWDH": {"ps_up": 0.9474963707426619, "ps_down": 1.052503629257338, "ue_down": 1.043713347325303, "ue_up": 0.956286652674697}, "ggH_GE2J_MJJ_0_350_PTH_60_120": {"ps_up": 0.9748712978120038, "ps_down": 1.0251287021879962, "ue_down": 0.944933248195001, "ue_up": 1.055066751804999}, "WH_had_FWDH": {"ps_up": 1.0021506417498125, "ps_down": 0.9978493582501875, "ue_down": 0.974221994017568, "ue_up": 1.025778005982432}, "WH_had_0J": {"ps_up": 0.9069839619402101, "ps_down": 1.09301603805979, "ue_down": 1.0380519996908182, "ue_up": 0.9619480003091818}, "qqH_0J": {"ps_up": 0.864467413833024, "ps_down": 1.135532586166976, "ue_down": 1.0, "ue_up": 1.0}, "ggH_GE2J_MJJ_350_700_PTH_0_200_PTHJJ_GT25": {"ps_up": 0.9917825901015394, "ps_down": 1.0896123096721197, "ue_down": 0.9425724699616098, "ue_up": 1.0574275300383902}, "qqH_GE2J_MJJ_60_120": {"ps_up": 0.8666746390665445, "ps_down": 1.1333253609334555, "ue_down": 1.0, "ue_up": 1.0}, "qqH_FWDH": {"ps_up": 0.9708787482992525, "ps_down": 1.0291212517007475, "ue_down": 1.0, "ue_up": 1.0}, "ggH_PTH_200_300": {"ps_up": 0.9537087679962748, "ps_down": 1.0462912320037252, "ue_down": 0.9809832084303014, "ue_up": 1.0190167915696986}, "ttH_FWDH": {"ps_up": 1.0, "ps_down": 1.0, "ue_down": 1.0471158550271955, "ue_up": 0.9528841449728045}, "ZH_lep_PTV_GT250": {"ps_up": 0.9360767218328219, "ps_down": 1.0639232781671781, "ue_down": 0.9550079181963884, "ue_up": 1.0449920818036116}, "qqH_GE2J_MJJ_0_60": {"ps_up": 0.8373148710830114, "ps_down": 1.1626851289169886, "ue_down": 1.0, "ue_up": 1.0}, "WH_lep_FWDH": {"ps_up": 1.043926492538902, "ps_down": 0.956073507461098, "ue_down": 1.0204931135081252, "ue_up": 0.9795068864918747}, "ggH_GE2J_MJJ_0_350_PTH_120_200": {"ps_up": 0.9481313779765135, "ps_down": 1.0518686220234865, "ue_down": 0.9681396534745454, "ue_up": 1.0318603465254546}, "WH_had_GE2J_MJJ_GT700_PTH_0_200_PTHJJ_0_25": {"ps_up": 1.0722952477373664, "ps_down": 0.9277047522626336, "ue_down": 0.9935715830211191, "ue_up": 1.0064284169788809}, "qqH_GE2J_MJJ_GT350_PTH_GT200": {"ps_up": 1.0207770449125408, "ps_down": 0.9792229550874592, "ue_down": 1.0, "ue_up": 1.0}, "ZH_had_GE2J_MJJ_350_700_PTH_0_200_PTHJJ_0_25": {"ps_up": 1.4414512639135795, "ps_down": 0.5585487360864205, "ue_down": 1.151481693294555, "ue_up": 0.8485183067054449}, "WH_had_GE2J_MJJ_60_120": {"ps_up": 1.0377796551602179, "ps_down": 0.9622203448397821, "ue_down": 0.9895321680858333, "ue_up": 1.0104678319141667}, "WH_had_GE2J_MJJ_120_350": {"ps_up": 1.0187970364726473, "ps_down": 0.9812029635273527, "ue_down": 0.9828929688283525, "ue_up": 1.0171070311716475}, "qqH_1J": {"ps_up": 0.9667115907441939, "ps_down": 1.0332884092558061, "ue_down": 1.0, "ue_up": 1.0}, "ttH_PTH_200_300": {"ps_up": 1.0, "ps_down": 1.0, "ue_down": 1.0744932432261336, "ue_up": 0.9255067567738664}, "ZH_lep_PTV_150_250_0J": {"ps_up": 1.03080949778042, "ps_down": 0.9691905022195799, "ue_down": 0.9849175440176805, "ue_up": 1.0150824559823195}, "ZH_had_GE2J_MJJ_120_350": {"ps_up": 0.9987413352878204, "ps_down": 1.0012586647121795, "ue_down": 0.9974214132329746, "ue_up": 1.0025785867670254}, "ZH_had_GE2J_MJJ_60_120": {"ps_up": 1.0230391780658048, "ps_down": 0.9769608219341952, "ue_down": 0.9949952479587649, "ue_up": 1.005004752041235}, "ggH_1J_PTH_120_200": {"ps_up": 1.0405249314485636, "ps_down": 0.9594750685514364, "ue_down": 1.0346440504068182, "ue_up": 0.9639307916668705}, "WH_had_GE2J_MJJ_GT350_PTH_GT200": {"ps_up": 0.9642029550653463, "ps_down": 1.0357970449346539, "ue_down": 0.8671584348083825, "ue_up": 1.1328415651916175}, "ggH_GE2J_MJJ_GT700_PTH_0_200_PTHJJ_GT25": {"ps_up": 0.9347404527773213, "ps_down": 1.0652595472226787, "ue_down": 0.8365073720756806, "ue_up": 1.1634926279243194}, "ZH_had_GE2J_MJJ_GT700_PTH_0_200_PTHJJ_0_25": {"ps_up": 0.6430023206170358, "ps_down": 1.3569976793829643, "ue_down": 0.7324776901697949, "ue_up": 1.267522309830205}, "WH_lep_PTV_GT250": {"ps_up": 1.0804710438155432, "ps_down": 0.9195289561844568, "ue_down": 0.9151305782630057, "ue_up": 1.0848694217369943}, "qqH_GE2J_MJJ_120_350": {"ps_up": 1.0490034319796941, "ps_down": 0.950996568020306, "ue_down": 1.0, "ue_up": 1.0}, "ZH_had_FWDH": {"ps_up": 1.0064102923264184, "ps_down": 0.9935897076735816, "ue_down": 1.0063175323180698, "ue_up": 0.9936824676819304}, "ggH_GE2J_MJJ_GT700_PTH_0_200_PTHJJ_0_25": {"ps_up": 1.0277609223741964, "ps_down": 0.7403303127020604, "ue_down": 1.2018013569652704, "ue_up": 0.7981986430347298}, "ZH_had_1J": {"ps_up": 0.9897596676252441, "ps_down": 1.0102403323747557, "ue_down": 0.9981678561063563, "ue_up": 1.0018321438936437}, "ZH_lep_PTV_75_150": {"ps_up": 0.9840316746377561, "ps_down": 1.0159683253622438, "ue_down": 0.9899159811765696, "ue_up": 1.0100840188234304}, "WH_had_GE2J_MJJ_350_700_PTH_0_200_PTHJJ_GT25": {"ps_up": 1.0403373566368777, "ps_down": 0.9596626433631223, "ue_down": 0.9633660004150801, "ue_up": 1.0366339995849199}, "ZH_had_GE2J_MJJ_GT350_PTH_GT200": {"ps_up": 1.112152022943479, "ps_down": 0.8878479770565211, "ue_down": 0.9816736125769505, "ue_up": 1.0183263874230495}, "WH_lep_PTV_150_250_GE1J": {"ps_up": 0.9395050970401915, "ps_down": 1.0604949029598085, "ue_down": 1.0799258155072802, "ue_up": 0.9200741844927198}, "ggH_PTH_GT650": {"ps_up": 0.5935666537321691, "ps_down": 1.406433346267831, "ue_down": 1.422031051364849, "ue_up": 0.5779689486351509}, "ggH_GE2J_MJJ_350_700_PTH_0_200_PTHJJ_0_25": {"ps_up": 1.1448152554960664, "ps_down": 0.8901508919765067, "ue_down": 0.9192710132077446, "ue_up": 1.0807289867922554}, "ZH_had_GE2J_MJJ_350_700_PTH_0_200_PTHJJ_GT25": {"ps_up": 0.9654291972454176, "ps_down": 1.0345708027545824, "ue_down": 0.9611854160149926, "ue_up": 1.0388145839850074}, "WH_had_GE2J_MJJ_0_60": {"ps_up": 0.9157749875511358, "ps_down": 1.0842250124488642, "ue_down": 1.0181966440854473, "ue_up": 0.9818033559145526}, "ttH_PTH_120_200": {"ps_up": 1.0, "ps_down": 1.0, "ue_down": 0.931677859782746, "ue_up": 1.068322140217254}, "WH_had_1J": {"ps_up": 0.9858507657442, "ps_down": 1.0141492342557998, "ue_down": 1.0199366094292084, "ue_up": 0.9800633905707916}, "ggH_GE2J_MJJ_0_350_PTH_0_60": {"ps_up": 1.029856398755019, "ps_down": 0.9701436012449809, "ue_down": 0.948129809387114, "ue_up": 1.051870190612886}, "qqH_GE2J_MJJ_GT700_PTH_0_200_PTHJJ_0_25": {"ps_up": 1.291302451312649, "ps_down": 0.708697548687351, "ue_down": 1.0, "ue_up": 1.0}, "ttH_PTH_GT300": {"ps_up": 1.0, "ps_down": 1.0, "ue_down": 1.0949293043847514, "ue_up": 0.9050706956152486}, "ttH_PTH_60_120": {"ps_up": 1.0, "ps_down": 1.0, "ue_down": 1.0517079173793586, "ue_up": 0.9482920826206414}, "qqH_GE2J_MJJ_350_700_PTH_0_200_PTHJJ_GT25": {"ps_up": 0.631221171051694, "ps_down": 1.368778828948306, "ue_down": 1.0, "ue_up": 1.0}, "ZH_lep_PTV_0_75": {"ps_up": 1.0151690161132731, "ps_down": 0.9848309838867269, "ue_down": 1.0108268486049004, "ue_up": 0.9891731513950995}, "ZH_lep_PTV_150_250_GE1J": {"ps_up": 1.100398191135607, "ps_down": 0.8996018088643929, "ue_down": 0.8823398484894285, "ue_up": 1.1176601515105715}, "WH_had_GE2J_MJJ_350_700_PTH_0_200_PTHJJ_0_25": {"ps_up": 1.0025256198295787, "ps_down": 0.9974743801704213, "ue_down": 1.0960727497248401, "ue_up": 0.9039272502751599}, "ggH_1J_PTH_60_120": {"ps_up": 1.0059047835548784, "ps_down": 0.9940952164451216, "ue_down": 1.0119458098302556, "ue_up": 0.9938104410816061}, "ZH_had_GE2J_MJJ_GT700_PTH_0_200_PTHJJ_GT25": {"ps_up": 0.9223757310990885, "ps_down": 1.0776242689009115, "ue_down": 1.1239552511164357, "ue_up": 0.8760447488835642}, "ttH_PTH_0_60": {"ps_up": 1.0, "ps_down": 1.0, "ue_down": 0.9367285911230483, "ue_up": 1.0632714088769517},