{"VBFTag_7": 2.616452312266514, "VBFTag_6": 2.254294293085249, "VBFTag_5": 2.5100261563589465, "VBFTag_3": 0.28551814995518865, "VBFTag_1": 0.4231163105592278}