{"VBFTag_7": 2.6006465078274146, "VBFTag_6": 2.319563028701853, "VBFTag_5": 2.4940202234622872, "VBFTag_3": 0.29448678663126204, "VBFTag_1": 0.425030857434104}