{"RECO_TTH_HAD_PTH_200_300_Tag2": 3.7047637384638543, "RECO_TTH_LEP_PTH_GT300_Tag0": 7.017515075465934, "RECO_1J_PTH_60_120_Tag1": 1.3322970504758085, "RECO_1J_PTH_60_120_Tag0": 2.917866028533023, "RECO_1J_PTH_60_120_Tag2": 0.4621811327272818, "RECO_GE2J_PTH_60_120_Tag2": 0.38551341674564615, "RECO_GE2J_PTH_60_120_Tag0": 2.343160442423521, "RECO_GE2J_PTH_60_120_Tag1": 1.4138556284584916, "RECO_PTH_GT650_Tag0": 2.6631291048016403, "RECO_TTH_HAD_PTH_GT300_Tag0": 11.879305897022968, "RECO_TTH_HAD_PTH_GT300_Tag1": 5.6356308243418525, "RECO_PTH_300_450_Tag0": 5.551464576784765, "RECO_PTH_300_450_Tag1": 0.8173867590883662, "RECO_TTH_LEP_PTH_0_60_Tag0": 10.330206674476488, "RECO_GE2J_PTH_0_60_Tag2": 0.17068710890988975, "RECO_GE2J_PTH_0_60_Tag1": 0.4612694277880015, "RECO_GE2J_PTH_0_60_Tag0": 0.6402852071782084, "RECO_TTH_LEP_PTH_200_300_Tag0": 9.169321164260774, "RECO_WH_LEP_Tag2": 1.3120162946444167, "RECO_VBFTOPO_ACVHHADBSM_Tag0": 2.5794877314481504, "RECO_ZH_LEP_Tag0": 6.883498508763253, "RECO_VH_MET_Tag0": 4.707554373290021, "RECO_VH_MET_Tag1": 3.5967426633377704, "RECO_VH_MET_Tag2": 2.11385748585913, "RECO_VH_MET_Tag3": 3.664641115249901, "RECO_VH_MET_Tag4": 1.8024147009063236, "RECO_VBFTOPO_ACVBFSM_Tag0": 5.3057684037954385, "RECO_VBFTOPO_ACVBFBSM_Tag0": 4.892889948160094, "RECO_VBFTOPO_ACVBFBSM_Tag1": 6.0263450950898365, "RECO_0J_PTH_0_10_Tag0": 0.9075510154001846, "RECO_0J_PTH_0_10_Tag1": 0.542509393293961, "RECO_0J_PTH_0_10_Tag2": 0.2548499709522199, "RECO_VBFTOPO_ACVHHADSM_Tag2": 0.6406535661185703, "RECO_WH_LEP_Tag3": 1.5078632197081947, "RECO_VBFTOPO_ACVHHADSM_Tag0": 1.3539698351911413, "RECO_VBFTOPO_ACVHHADSM_Tag1": 0.8789066552829014, "RECO_PTH_450_650_Tag0": 3.1052418376245354, "RECO_TTH_LEP_PTH_120_200_Tag1": 4.966330570683696, "RECO_GE2J_PTH_120_200_Tag1": 1.8004039468343491, "RECO_GE2J_PTH_120_200_Tag0": 2.611977741741331, "RECO_GE2J_PTH_120_200_Tag2": 0.6907656395207787, "RECO_TTH_HAD_PTH_120_200_Tag0": 9.437657401693743, "RECO_TTH_HAD_PTH_120_200_Tag1": 4.838773176484296, "RECO_TTH_HAD_PTH_120_200_Tag2": 3.420059907145166, "RECO_TTH_HAD_PTH_120_200_Tag3": 2.0251079332692568, "RECO_1J_PTH_0_60_Tag0": 1.7406635300165416, "RECO_1J_PTH_0_60_Tag1": 0.7830433748233497, "RECO_1J_PTH_0_60_Tag2": 0.3037516111517367, "RECO_TTH_LEP_PTH_120_200_Tag0": 9.572455000888066, "RECO_PTH_200_300_Tag1": 1.7612850904900539, "RECO_PTH_200_300_Tag0": 5.254146633366562, "RECO_TTH_HAD_PTH_200_300_Tag0": 10.845809935008266, "RECO_ZH_LEP_Tag1": 0.7857777715415285, "RECO_VBFTOPO_ACGGH_Tag0": 0.944056630426432, "RECO_TTH_LEP_PTH_60_120_Tag1": 6.709946177409349, "RECO_TTH_LEP_PTH_60_120_Tag0": 10.200902062596917, "RECO_VBFTOPO_ACGGH_Tag1": 0.5671404183112475, "RECO_TTH_LEP_PTH_60_120_Tag2": 6.298395034717338, "RECO_0J_PTH_GT10_Tag2": 0.3016436003117112, "RECO_TTH_HAD_PTH_200_300_Tag1": 7.8679384385460835, "RECO_0J_PTH_GT10_Tag0": 1.1392647576974821, "RECO_0J_PTH_GT10_Tag1": 0.7753870672268333, "RECO_1J_PTH_120_200_Tag0": 4.136135329240777, "RECO_1J_PTH_120_200_Tag1": 1.9047209226873127, "RECO_1J_PTH_120_200_Tag2": 1.1487068445570243, "RECO_TTH_HAD_PTH_60_120_Tag1": 5.140266096088913, "RECO_TTH_HAD_PTH_60_120_Tag0": 10.174580098305626, "RECO_TTH_LEP_PTH_0_60_Tag2": 2.610339246883248, "RECO_TTH_HAD_PTH_60_120_Tag2": 3.7733821406944634, "RECO_THQ_LEP": 1.6480382670673261, "RECO_VBFTOPO_ACVHHADBSM_Tag1": 2.334466953356854, "RECO_WH_LEP_Tag0": 6.319472942240827, "RECO_TTH_HAD_PTH_0_60_Tag0": 7.434438828114083, "RECO_TTH_HAD_PTH_0_60_Tag1": 3.8936304847786607, "RECO_TTH_HAD_PTH_0_60_Tag2": 2.4020095117241533, "RECO_WH_LEP_Tag1": 6.282025187696476, "RECO_TTH_LEP_PTH_0_60_Tag1": 8.363436346008132}