{"DoubleHTag_11_13TeV": 0.03372889573214951, "DoubleHTag_8_13TeV": 0.10077828339126711, "DoubleHTag_3_13TeV": 1.479642229226439, "DoubleHTag_4_13TeV": 0.5883330648731498, "DoubleHTag_6_13TeV": 0.37719915227172396, "DoubleHTag_1_13TeV": 2.1400825568044572, "DoubleHTag_2_13TeV": 2.3292854726565824, "DoubleHTag_7_13TeV": 0.15787104181434816, "DoubleHTag_10_13TeV": 0.15097781278889646, "DoubleHTag_9_13TeV": 0.24987822564470408, "DoubleHTag_0_13TeV": 1.5654079348470298, "DoubleHTag_5_13TeV": 0.7787556584061635}