{"r_tH": {"FracHigh01Sigma": 0.06572453722453957, "FracLow01Sigma": 0.12906636545253397, "nominal": 0.2029574596851406, "High01Sigma": 0.013339285114074012, "Low01Sigma": 0.026194981663040285}, "r_ZH_lep": {"FracHigh01Sigma": 0.04122326566697992, "FracLow01Sigma": 0.03599027186394103, "nominal": 0.5221442830308156, "High01Sigma": 0.021524492495874067, "Low01Sigma": 0.018792114698481622}, "r_ggH_1J_med": {"FracHigh01Sigma": 0.13977852632073146, "FracLow01Sigma": 0.1394590842824164, "nominal": 11.110372540911069, "High01Sigma": 1.5529915006428698, "Low01Sigma": 1.5494423805919617}, "r_WH_lep_low": {"FracHigh01Sigma": 0.02891366458960217, "FracLow01Sigma": 0.028424996944212785, "nominal": 0.4594716614210123, "High01Sigma": 0.013285009506754401, "Low01Sigma": 0.013060480571844647}, "r_ggH_2J_high": {"FracHigh01Sigma": 0.25413661013234645, "FracLow01Sigma": 0.2539672762239866, "nominal": 2.0988538073461043, "High01Sigma": 0.5333955917623079, "Low01Sigma": 0.533040184644034}, "r_qqH_high_mjj_low_pthjj": {"FracHigh01Sigma": 0.05870807780975546, "FracLow01Sigma": 0.05787381350988264, "nominal": 1.5886104721775347, "High01Sigma": 0.09326426720999108, "Low01Sigma": 0.09193894620664925}, "r_WH_lep_high": {"FracHigh01Sigma": 0.0289136645896018, "FracLow01Sigma": 0.028424996944213257, "nominal": 0.4078489591818738, "High01Sigma": 0.011792408009002895, "Low01Sigma": 0.011593105418445321}, "r_qqH_low_mjj_low_pthjj": {"FracHigh01Sigma": 0.10429999443110938, "FracLow01Sigma": 0.10392523752697758, "nominal": 1.5721889113540082, "High01Sigma": 0.16397929469887496, "Low01Sigma": 0.1633901060497456}, "r_qqH_BSM": {"FracHigh01Sigma": 0.032661156093751885, "FracLow01Sigma": 0.03174166250210936, "nominal": 0.36813849716115365, "High01Sigma": 0.012023828919899674, "Low01Sigma": 0.011685327930923084}, "r_qqH_high_mjj_high_pthjj": {"FracHigh01Sigma": 0.11210019246219477, "FracLow01Sigma": 0.11184483453664988, "nominal": 0.7291553314567686, "High01Sigma": 0.08173845299113917, "Low01Sigma": 0.08155225739829838}, "r_ggH_BSM_low": {"FracHigh01Sigma": 0.24425525620066646, "FracLow01Sigma": 0.2440794210426756, "nominal": 1.0912465215666476, "High01Sigma": 0.2665426987033476, "Low01Sigma": 0.266350819198821}, "r_ggH_0J_low": {"FracHigh01Sigma": 0.07832417520885797, "FracLow01Sigma": 0.06356947415530323, "nominal": 15.063623376582258, "High01Sigma": 1.1798458766276776, "Low01Sigma": 0.9575866169228674}, "r_ttH_medlow": {"FracHigh01Sigma": 0.07144928271158543, "FracLow01Sigma": 0.10048285341646843, "nominal": 0.3907362084470913, "High01Sigma": 0.0279178218229892, "Low01Sigma": 0.03926228915789572}, "r_ggH_2J_med": {"FracHigh01Sigma": 0.22696791038849976, "FracLow01Sigma": 0.22677528555432505, "nominal": 4.490758409519216, "High01Sigma": 1.0192580522681591, "Low01Sigma": 1.018393020674207}, "r_ggH_0J_high": {"FracHigh01Sigma": 0.06641743367339363, "FracLow01Sigma": 0.06576696139265342, "nominal": 43.81694489106577, "High01Sigma": 2.910209031073105, "Low01Sigma": 2.881707322994745}, "r_ttH_medhigh": {"FracHigh01Sigma": 0.07144928271158504, "FracLow01Sigma": 0.10048285341646898, "nominal": 0.28903003728781385, "High01Sigma": 0.020650988846316977, "Low01Sigma": 0.029042562869747962}, "r_qqH_VHhad": {"FracHigh01Sigma": 0.08255659610152306, "FracLow01Sigma": 0.07701105275693387, "nominal": 1.265811561317582, "High01Sigma": 0.10450109380833392, "Low01Sigma": 0.09748148092896514}, "r_ttH_high": {"FracHigh01Sigma": 0.07144928271158452, "FracLow01Sigma": 0.10048285341646894, "nominal": 0.18102348384433337, "High01Sigma": 0.012933998074629726, "Low01Sigma": 0.018189756192068682}, "r_ggH_1J_high": {"FracHigh01Sigma": 0.19365174928205517, "FracLow01Sigma": 0.19342333895232977, "nominal": 1.976625417835596, "High01Sigma": 0.38277696983923637, "Low01Sigma": 0.3823254881758049}, "r_ggH_BSM_high": {"FracHigh01Sigma": 0.3240518053589353, "FracLow01Sigma": 0.3239198723932599, "nominal": 0.32428731649342546, "High01Sigma": 0.10508589036469895, "Low01Sigma": 0.10504310617730307}, "r_ttH_low": {"FracHigh01Sigma": 0.0714492827115855, "FracLow01Sigma": 0.10048285341646855, "nominal": 0.2531403596331573, "High01Sigma": 0.01808669712114188, "Low01Sigma": 0.025436265650810676}, "r_qqH_low_mjj_high_pthjj": {"FracHigh01Sigma": 0.15561773737894138, "FracLow01Sigma": 0.155411482348427, "nominal": 1.2452299576693044, "High01Sigma": 0.1937798685289721, "Low01Sigma": 0.1935230335860556}, "r_ggH_2J_low": {"FracHigh01Sigma": 0.23597430844547568, "FracLow01Sigma": 0.23577056231332733, "nominal": 2.791396723075553, "High01Sigma": 0.6586979113247206, "Low01Sigma": 0.6581291750391024}, "r_ggH_1J_low": {"FracHigh01Sigma": 0.13947183546448125, "FracLow01Sigma": 0.1391252535986555, "nominal": 16.041075506281178, "High01Sigma": 2.2372782436853687, "Low01Sigma": 2.2317186978065497}}