{"r_ggH_0J_low": {"FracHigh01Sigma": 0.0678527818147492, "FracLow01Sigma": 0.06719995678485335, "nominal": 15.295364419999935, "High01Sigma": 1.0378330247673335, "Low01Sigma": 1.0278478280325791}, "r_WH_lep": {"FracHigh01Sigma": 0.028913664589601984, "FracLow01Sigma": 0.028424996944213136, "nominal": 0.8922531724865925, "High01Sigma": 0.02579830895828562, "Low01Sigma": 0.02536229370139587}, "r_ttH": {"FracHigh01Sigma": 0.07144928271158495, "FracLow01Sigma": 0.10048285341646895, "nominal": 1.139720941699993, "High01Sigma": 0.08143224377583662, "Low01Sigma": 0.11452241232052035}, "r_ggH_BSM": {"FracHigh01Sigma": 0.2578390067116918, "FracLow01Sigma": 0.2576725769060922, "nominal": 1.4370422214436342, "High01Sigma": 0.3705255389797897, "Low01Sigma": 0.3702863723222364}, "r_tH": {"FracHigh01Sigma": 0.06578827332719941, "FracLow01Sigma": 0.12922289274406337, "nominal": 0.20427110517000008, "High01Sigma": 0.013438643299773062, "Low01Sigma": 0.026396503114094208}, "r_qqH_BSM": {"FracHigh01Sigma": 0.032644885013400654, "FracLow01Sigma": 0.031725586388647, "nominal": 0.371819648782889, "High01Sigma": 0.012138009680240426, "Low01Sigma": 0.011796196388457929}, "r_ZH_lep": {"FracHigh01Sigma": 0.041297859457836615, "FracLow01Sigma": 0.03605106441884024, "nominal": 0.5344569058519696, "High01Sigma": 0.022071926184144854, "Low01Sigma": 0.01926774034196339}, "r_ggH_1J_med": {"FracHigh01Sigma": 0.13977852632073157, "FracLow01Sigma": 0.13945908428241657, "nominal": 11.281296179999952, "High01Sigma": 1.5768829550280918, "Low01Sigma": 1.5732792347815174}, "r_ggH_2J_med": {"FracHigh01Sigma": 0.2269817709263117, "FracLow01Sigma": 0.2267891452615237, "nominal": 4.559564062171551, "High01Sigma": 1.0349379254836664, "Low01Sigma": 1.034059636425047}, "r_ggH_2J_high": {"FracHigh01Sigma": 0.2541866744591849, "FracLow01Sigma": 0.2540173387520735, "nominal": 2.130720256900051, "High01Sigma": 0.5416006963042441, "Low01Sigma": 0.5412398892828854}, "r_ggH_0J_high": {"FracHigh01Sigma": 0.0664016359346762, "FracLow01Sigma": 0.06575118814469905, "nominal": 44.502792487999805, "High01Sigma": 2.955058224864606, "Low01Sigma": 2.9261114818429745}, "r_qqH_VBFlike": {"FracHigh01Sigma": 0.03844334096531182, "FracLow01Sigma": 0.03723386134594068, "nominal": 2.968853718915232, "High01Sigma": 0.11413265579239229, "Low01Sigma": 0.11054188772647008}, "r_qqH_VHhad": {"FracHigh01Sigma": 0.08256267892130395, "FracLow01Sigma": 0.0770174125055136, "nominal": 1.2956710645100913, "High01Sigma": 0.10697407408677076, "Low01Sigma": 0.09978923284683162}, "r_ggH_2J_low": {"FracHigh01Sigma": 0.2359810916752712, "FracLow01Sigma": 0.23577734463140096, "nominal": 2.8342578664118485, "High01Sigma": 0.668831265405093, "Low01Sigma": 0.6682537937432456}, "r_ggH_1J_high": {"FracHigh01Sigma": 0.19365174928205545, "FracLow01Sigma": 0.19342333895232952, "nominal": 2.0070341199999917, "High01Sigma": 0.3886656682067692, "Low01Sigma": 0.3882072408816488}, "r_ggH_1J_low": {"FracHigh01Sigma": 0.13947183546448058, "FracLow01Sigma": 0.13912525359865555, "nominal": 16.28785381999993, "High01Sigma": 2.271696868052542, "Low01Sigma": 2.266051793285321}, "r_ggH_VBFlike": {"FracHigh01Sigma": 0.22765466632996217, "FracLow01Sigma": 0.22745340676953357, "nominal": 2.226775910967481, "High01Sigma": 0.5069359270028995, "Low01Sigma": 0.5064877670618851}}