{"r_tH": {"FracHigh01Sigma": 0.06572453722453957, "FracLow01Sigma": 0.12906636545253397, "nominal": 0.2029574596851406, "High01Sigma": 0.013339285114074012, "Low01Sigma": 0.026194981663040285}, "r_qqH_VBFlike": {"FracHigh01Sigma": 0.03845758913241974, "FracLow01Sigma": 0.03724786543389706, "nominal": 2.941993059962399, "High01Sigma": 0.11314196033046427, "Low01Sigma": 0.1095829616049385}, "r_ttH": {"FracHigh01Sigma": 0.07144928271158583, "FracLow01Sigma": 0.10048285341646837, "nominal": 1.1139300892123956, "High01Sigma": 0.07958950586507849, "Low01Sigma": 0.11193087387052268}, "r_ggH_0J_low": {"FracHigh01Sigma": 0.07832417520885797, "FracLow01Sigma": 0.06356947415530323, "nominal": 15.063623376582258, "High01Sigma": 1.1798458766276776, "Low01Sigma": 0.9575866169228674}, "r_qqH_BSM": {"FracHigh01Sigma": 0.032661156093751885, "FracLow01Sigma": 0.03174166250210936, "nominal": 0.36813849716115365, "High01Sigma": 0.012023828919899674, "Low01Sigma": 0.011685327930923084}, "r_ZH_lep": {"FracHigh01Sigma": 0.04122326566697992, "FracLow01Sigma": 0.03599027186394103, "nominal": 0.5221442830308156, "High01Sigma": 0.021524492495874067, "Low01Sigma": 0.018792114698481622}, "r_WH_lep": {"FracHigh01Sigma": 0.02891366458960204, "FracLow01Sigma": 0.02842499694421261, "nominal": 0.8673206206028861, "High01Sigma": 0.02507741751575733, "Low01Sigma": 0.02465358599028962}, "r_ggH_BSM": {"FracHigh01Sigma": 0.2577911775827088, "FracLow01Sigma": 0.25762474934633217, "nominal": 1.415533838060073, "High01Sigma": 0.3649121350216777, "Low01Sigma": 0.3646765502214779}, "r_ggH_2J_high": {"FracHigh01Sigma": 0.25413661013234645, "FracLow01Sigma": 0.2539672762239866, "nominal": 2.0988538073461043, "High01Sigma": 0.5333955917623079, "Low01Sigma": 0.533040184644034}, "r_ggH_0J_high": {"FracHigh01Sigma": 0.06641743367339363, "FracLow01Sigma": 0.06576696139265342, "nominal": 43.81694489106577, "High01Sigma": 2.910209031073105, "Low01Sigma": 2.881707322994745}, "r_ggH_1J_med": {"FracHigh01Sigma": 0.13977852632073146, "FracLow01Sigma": 0.1394590842824164, "nominal": 11.110372540911069, "High01Sigma": 1.5529915006428698, "Low01Sigma": 1.5494423805919617}, "r_qqH_VHhad": {"FracHigh01Sigma": 0.08255659610152306, "FracLow01Sigma": 0.07701105275693387, "nominal": 1.265811561317582, "High01Sigma": 0.10450109380833392, "Low01Sigma": 0.09748148092896514}, "r_ggH_2J_low": {"FracHigh01Sigma": 0.23597430844547568, "FracLow01Sigma": 0.23577056231332733, "nominal": 2.791396723075553, "High01Sigma": 0.6586979113247206, "Low01Sigma": 0.6581291750391024}, "r_ggH_1J_high": {"FracHigh01Sigma": 0.19365174928205517, "FracLow01Sigma": 0.19342333895232977, "nominal": 1.976625417835596, "High01Sigma": 0.38277696983923637, "Low01Sigma": 0.3823254881758049}, "r_ggH_1J_low": {"FracHigh01Sigma": 0.13947183546448125, "FracLow01Sigma": 0.1391252535986555, "nominal": 16.041075506281178, "High01Sigma": 2.2372782436853687, "Low01Sigma": 2.2317186978065497}, "r_ggH_2J_med": {"FracHigh01Sigma": 0.22696791038849976, "FracLow01Sigma": 0.22677528555432505, "nominal": 4.490758409519216, "High01Sigma": 1.0192580522681591, "Low01Sigma": 1.018393020674207}, "r_ggH_VBFlike": {"FracHigh01Sigma": 0.22763884527854356, "FracLow01Sigma": 0.22743758730996436, "nominal": 2.1931916126952165, "High01Sigma": 0.4992556061885258, "Low01Sigma": 0.49881420889984984}}