{"r_ggH_0J_low": {"FracHigh01Sigma": 0.06452231220373747, "FracLow01Sigma": 0.07149710615745311, "nominal": 14.865285679999939, "High01Sigma": 0.9591426036427039, "Low01Sigma": 1.0628249083238233}, "r_tHq": {"FracHigh01Sigma": 0.07768526243760755, "FracLow01Sigma": 0.15454823142093468, "nominal": 0.17507634574500006, "High01Sigma": 0.013600851865817646, "Low01Sigma": 0.02705773959852984}, "r_WH_lep_high": {"FracHigh01Sigma": 0.028913664589601516, "FracLow01Sigma": 0.02842499694421281, "nominal": 0.41835473661599654, "High01Sigma": 0.012096168533986007, "Low01Sigma": 0.011891732109906657}, "r_qqH_high_mjj": {"FracHigh01Sigma": 0.0395193084225023, "FracLow01Sigma": 0.04040625434345716, "nominal": 1.672910557822416, "High01Sigma": 0.06611226829784442, "Low01Sigma": 0.06759604949322734}, "r_WH_lep_low": {"FracHigh01Sigma": 0.028913664589601318, "FracLow01Sigma": 0.028424996944213028, "nominal": 0.47135987557559605, "High01Sigma": 0.013628741343388994, "Low01Sigma": 0.01339840302286095}, "r_ggH_BSM_high": {"FracHigh01Sigma": 0.23604571643077954, "FracLow01Sigma": 0.4440200691728084, "nominal": 0.4391526744737382, "High01Sigma": 0.10366010766864645, "Low01Sigma": 0.19499260089725304}, "r_qqH_BSM": {"FracHigh01Sigma": 0.03264947708134973, "FracLow01Sigma": 0.03173012340295121, "nominal": 0.373536676782889, "High01Sigma": 0.012195777167666476, "Low01Sigma": 0.011852364849849369}, "r_ZH_lep": {"FracHigh01Sigma": 0.04184639801286435, "FracLow01Sigma": 0.03649833458876913, "nominal": 0.5244212676557137, "High01Sigma": 0.02194514109273186, "Low01Sigma": 0.01914050289236469}, "r_ggH_1J_med": {"FracHigh01Sigma": 0.09946348560569078, "FracLow01Sigma": 0.18424395835112295, "nominal": 11.259240859999954, "High01Sigma": 1.119883341209611, "Low01Sigma": 2.074447104075093}, "r_ggH_2J_med": {"FracHigh01Sigma": 0.18922963626639494, "FracLow01Sigma": 0.26122385349727484, "nominal": 4.482954601043251, "High01Sigma": 0.8483078685541761, "Low01Sigma": 1.1710546759378564}, "r_ttH_low": {"FracHigh01Sigma": 0.07144928271158571, "FracLow01Sigma": 0.10048285341646845, "nominal": 0.6629282802999958, "High01Sigma": 0.047365750116659736, "Low01Sigma": 0.066612925215016}, "r_ggH_2J_high": {"FracHigh01Sigma": 0.17479703769787927, "FracLow01Sigma": 0.3243309339735434, "nominal": 2.3624568925991696, "High01Sigma": 0.4129504665152718, "Low01Sigma": 0.7662178504489238}, "r_ggH_0J_high": {"FracHigh01Sigma": 0.05741750118503645, "FracLow01Sigma": 0.07631664472467173, "nominal": 44.32504876399981, "High01Sigma": 2.5450335399337574, "Low01Sigma": 3.382738998925923}, "r_qqH_VHhad": {"FracHigh01Sigma": 0.0825626789213039, "FracLow01Sigma": 0.07701741250551351, "nominal": 1.2956710645100913, "High01Sigma": 0.10697407408677069, "Low01Sigma": 0.09978923284683151}, "r_ggH_2J_low": {"FracHigh01Sigma": 0.1929567780107345, "FracLow01Sigma": 0.27489206343670497, "nominal": 2.8783879783742385, "High01Sigma": 0.5554044701719247, "Low01Sigma": 0.7912460107467002}, "r_ggH_BSM_low": {"FracHigh01Sigma": 0.13627198390656758, "FracLow01Sigma": 0.35269931442230606, "nominal": 1.3277652208127844, "High01Sigma": 0.1809372008022999, "Low01Sigma": 0.46830188309445087}, "r_ggH_1J_high": {"FracHigh01Sigma": 0.12472963237614533, "FracLow01Sigma": 0.25653232971477496, "nominal": 2.1283383799999913, "High01Sigma": 0.2654668637094396, "Low01Sigma": 0.5459876030427678}, "r_ggH_1J_low": {"FracHigh01Sigma": 0.1080601684248182, "FracLow01Sigma": 0.1695636641173162, "nominal": 16.199632539999932, "High01Sigma": 1.7505350206925583, "Low01Sigma": 2.7468690508364944}, "r_qqH_low_mjj": {"FracHigh01Sigma": 0.037561387023387106, "FracLow01Sigma": 0.0363888990111077, "nominal": 1.2929130312558865, "High01Sigma": 0.04856360675458295, "Low01Sigma": 0.04704768172451559}, "r_ttH_high": {"FracHigh01Sigma": 0.07144928271158485, "FracLow01Sigma": 0.1004828534164687, "nominal": 0.47184285829999706, "High01Sigma": 0.03371283377811876, "Low01Sigma": 0.04741211676616622}, "r_ggH_VBFlike": {"FracHigh01Sigma": 0.13692009339683214, "FracLow01Sigma": 0.1932971072809894, "nominal": 2.3094671536487206, "High01Sigma": 0.3162124583744989, "Low01Sigma": 0.44641332016075796}}