{"r_ggH_0J_low": {"FracHigh01Sigma": 0.06511627117792193, "FracLow01Sigma": 0.07029819477689395, "nominal": 14.865285679999939, "High01Sigma": 0.9679719734761556, "Low01Sigma": 1.045002748146808}, "r_WH_lep_high": {"FracHigh01Sigma": 0.02891366458960135, "FracLow01Sigma": 0.028424996944213247, "nominal": 0.41835473661599654, "High01Sigma": 0.012096168533985938, "Low01Sigma": 0.01189173210990684}, "r_qqH_high_mjj": {"FracHigh01Sigma": 0.040245531819137724, "FracLow01Sigma": 0.039015061452007824, "nominal": 1.656932019999996, "High01Sigma": 0.06668411033305797, "Low01Sigma": 0.0646453045820993}, "r_WH_lep_low": {"FracHigh01Sigma": 0.028913664589601616, "FracLow01Sigma": 0.028424996944212733, "nominal": 0.47135987557559605, "High01Sigma": 0.013628741343389135, "Low01Sigma": 0.013398403022860812}, "r_ggH_BSM_high": {"FracHigh01Sigma": 0.22628127469569803, "FracLow01Sigma": 0.43893460073615387, "nominal": 0.4300787399999982, "High01Sigma": 0.09731876550671928, "Low01Sigma": 0.18877644002700733}, "r_qqH_BSM": {"FracHigh01Sigma": 0.03264947708134893, "FracLow01Sigma": 0.03173012340295169, "nominal": 0.373536676782889, "High01Sigma": 0.012195777167666177, "Low01Sigma": 0.011852364849849547}, "r_ZH_lep": {"FracHigh01Sigma": 0.04620606020859142, "FracLow01Sigma": 0.040065592108740444, "nominal": 0.5355298162548662, "High01Sigma": 0.024744722933368248, "Low01Sigma": 0.021456319180136185}, "r_ggH_1J_med": {"FracHigh01Sigma": 0.10155697564723601, "FracLow01Sigma": 0.18056809294249576, "nominal": 11.259240859999954, "High01Sigma": 1.14345444982538, "Low01Sigma": 2.0330596500704177}, "r_ggH_2J_med": {"FracHigh01Sigma": 0.19073552351246872, "FracLow01Sigma": 0.2634062189639608, "nominal": 4.4441469799999815, "High01Sigma": 0.8476567007966533, "Low01Sigma": 1.1706159525219004}, "r_ttH_low": {"FracHigh01Sigma": 0.07144928271158538, "FracLow01Sigma": 0.10048285341646841, "nominal": 0.6536042325999959, "High01Sigma": 0.04669955359652592, "Low01Sigma": 0.06567601829672871}, "r_ggH_2J_high": {"FracHigh01Sigma": 0.1722907980947052, "FracLow01Sigma": 0.33941985237886346, "nominal": 2.30478093999999, "High01Sigma": 0.39709254758606316, "Low01Sigma": 0.7822884064204148}, "r_ggH_0J_high": {"FracHigh01Sigma": 0.05869438137556897, "FracLow01Sigma": 0.07873268818534074, "nominal": 43.217399539999825, "High01Sigma": 2.5366185306610887, "Low01Sigma": 3.4026220421640945}, "r_qqH_VHhad": {"FracHigh01Sigma": 0.08256267892130426, "FracLow01Sigma": 0.07701741250551335, "nominal": 1.2956710645100913, "High01Sigma": 0.10697407408677116, "Low01Sigma": 0.09978923284683129}, "r_ggH_2J_low": {"FracHigh01Sigma": 0.1921492443952427, "FracLow01Sigma": 0.2789082935104124, "nominal": 2.8671915999999884, "High01Sigma": 0.5509286994763847, "Low01Sigma": 0.7996835163233857}, "r_ggH_BSM_low": {"FracHigh01Sigma": 0.13240468269664696, "FracLow01Sigma": 0.3655295284773732, "nominal": 1.3012638799999945, "High01Sigma": 0.17229343113600695, "Low01Sigma": 0.4756503724810351}, "r_ggH_1J_high": {"FracHigh01Sigma": 0.12248461614704223, "FracLow01Sigma": 0.2589031405543208, "nominal": 2.1283383799999913, "High01Sigma": 0.26068870950531664, "Low01Sigma": 0.5510334907442932}, "r_ggH_1J_low": {"FracHigh01Sigma": 0.10807404868885061, "FracLow01Sigma": 0.16956366411731608, "nominal": 16.199632539999932, "High01Sigma": 1.7507598758694414, "Low01Sigma": 2.7468690508364926}, "r_qqH_low_mjj": {"FracHigh01Sigma": 0.034817838024217486, "FracLow01Sigma": 0.05008175362195077, "nominal": 1.2929130312558865, "High01Sigma": 0.0450164365016675, "Low01Sigma": 0.06475135188596684}, "r_ttH_high": {"FracHigh01Sigma": 0.07144928271158497, "FracLow01Sigma": 0.10048285341646901, "nominal": 0.479555342199997, "High01Sigma": 0.03426388522069846, "Low01Sigma": 0.04818708915536694}, "r_ggH_VBFlike": {"FracHigh01Sigma": 0.13743453363983535, "FracLow01Sigma": 0.19498739389850747, "nominal": 2.2937532799999905, "High01Sigma": 0.31524091232164136, "Low01Sigma": 0.44725297431335165}, "r_tHq": {"FracHigh01Sigma": 0.07768526243760784, "FracLow01Sigma": 0.15454823142093457, "nominal": 0.17507634574500006, "High01Sigma": 0.013600851865817696, "Low01Sigma": 0.027057739598529824}}
