{"r_ggH_0J_low": {"FracHigh01Sigma": 0.060720671933040954, "FracLow01Sigma": 0.07842726687122373, "nominal": 14.865285679999939, "High01Sigma": 0.9026301349662079, "Low01Sigma": 1.1658437271423356}, "r_tHq": {"FracHigh01Sigma": 0.07768526243760784, "FracLow01Sigma": 0.15454823142093457, "nominal": 0.17507634574500006, "High01Sigma": 0.013600851865817696, "Low01Sigma": 0.027057739598529824}, "r_WH_lep_high": {"FracHigh01Sigma": 0.02891366458960181, "FracLow01Sigma": 0.028424996944212536, "nominal": 0.41835473661599654, "High01Sigma": 0.01209616853398613, "Low01Sigma": 0.011891732109906543}, "r_qqH_high_mjj": {"FracHigh01Sigma": 0.03760367305609754, "FracLow01Sigma": 0.053816973142553806, "nominal": 1.843928692612316, "High01Sigma": 0.0693384916957509, "Low01Sigma": 0.09923466092710136}, "r_WH_lep_low": {"FracHigh01Sigma": 0.028913664589601748, "FracLow01Sigma": 0.02842499694421271, "nominal": 0.47135987557559605, "High01Sigma": 0.013628741343389197, "Low01Sigma": 0.0133984030228608}, "r_ggH_BSM_high": {"FracHigh01Sigma": 0.06072067193304088, "FracLow01Sigma": 0.07842726687122362, "nominal": 0.4300787399999982, "High01Sigma": 0.026114670076915474, "Low01Sigma": 0.033729900117619456}, "r_qqH_BSM": {"FracHigh01Sigma": 0.03267404300491192, "FracLow01Sigma": 0.031754394948397414, "nominal": 0.38298033078288896, "High01Sigma": 0.012513515798035505, "Low01Sigma": 0.01216130868114774}, "r_ZH_lep": {"FracHigh01Sigma": 0.04620606020859142, "FracLow01Sigma": 0.040065592108740604, "nominal": 0.5355298162548662, "High01Sigma": 0.024744722933368248, "Low01Sigma": 0.021456319180136272}, "r_ggH_1J_med": {"FracHigh01Sigma": 0.06072067193304173, "FracLow01Sigma": 0.07842726687122317, "nominal": 11.259240859999954, "High01Sigma": 0.6836686704751559, "Low01Sigma": 0.8830314876945967}, "r_ggH_2J_med": {"FracHigh01Sigma": 0.06072067193304054, "FracLow01Sigma": 0.078427266871224, "nominal": 4.4441469799999815, "High01Sigma": 0.26985159079479176, "Low01Sigma": 0.34854230121540275}, "r_ttH_low": {"FracHigh01Sigma": 0.07144928271158522, "FracLow01Sigma": 0.10048285341646866, "nominal": 0.6536042325999959, "High01Sigma": 0.04669955359652581, "Low01Sigma": 0.06567601829672888}, "r_ggH_2J_high": {"FracHigh01Sigma": 0.060720671933040885, "FracLow01Sigma": 0.07842726687122391, "nominal": 2.30478093999999, "High01Sigma": 0.13994784733526497, "Low01Sigma": 0.18075766986108951}, "r_ggH_0J_high": {"FracHigh01Sigma": 0.060720671933039795, "FracLow01Sigma": 0.07842726687122425, "nominal": 43.217399539999825, "High01Sigma": 2.624189539267434, "Low01Sigma": 3.3894225272038905}, "r_qqH_VHhad": {"FracHigh01Sigma": 0.08264536529832496, "FracLow01Sigma": 0.07710399119392931, "nominal": 1.2458772525100914, "High01Sigma": 0.10296598065056996, "Low01Sigma": 0.09606210870625494}, "r_ggH_2J_low": {"FracHigh01Sigma": 0.060720671933040996, "FracLow01Sigma": 0.07842726687122382, "nominal": 2.8671915999999884, "High01Sigma": 0.1740978005127702, "Low01Sigma": 0.22486600078413033}, "r_ggH_BSM_low": {"FracHigh01Sigma": 0.06072067193304029, "FracLow01Sigma": 0.07842726687122405, "nominal": 1.3012638799999945, "High01Sigma": 0.07901361715579477, "Low01Sigma": 0.10205456958664404}, "r_ggH_1J_high": {"FracHigh01Sigma": 0.06072067193304081, "FracLow01Sigma": 0.07842726687122378, "nominal": 2.1283383799999913, "High01Sigma": 0.12923413653447902, "Low01Sigma": 0.16691976212052742}, "r_ggH_1J_low": {"FracHigh01Sigma": 0.060720671933040385, "FracLow01Sigma": 0.07842726687122357, "nominal": 16.199632539999932, "High01Sigma": 0.9836525728971416, "Low01Sigma": 1.2704929044303321}, "r_qqH_low_mjj": {"FracHigh01Sigma": 0.03976828477671873, "FracLow01Sigma": 0.03853983257106131, "nominal": 1.3272535912558865, "High01Sigma": 0.05278259878798674, "Low01Sigma": 0.05115213118634171}, "r_ttH_high": {"FracHigh01Sigma": 0.07144928271158507, "FracLow01Sigma": 0.10048285341646904, "nominal": 0.479555342199997, "High01Sigma": 0.03426388522069851, "Low01Sigma": 0.04818708915536695}, "r_ggH_VBFlike": {"FracHigh01Sigma": 0.060720671933040954, "FracLow01Sigma": 0.07842726687122357, "nominal": 2.2937532799999905, "High01Sigma": 0.13927824041021605, "Low01Sigma": 0.17989280062730367}}
