{"r_tH": {"FracHigh01Sigma": 0.06578827332719941, "FracLow01Sigma": 0.12922289274406337, "nominal": 0.20427110517000008, "High01Sigma": 0.013438643299773062, "Low01Sigma": 0.026396503114094208}, "r_ZH_lep": {"FracHigh01Sigma": 0.041297859457836615, "FracLow01Sigma": 0.03605106441884024, "nominal": 0.5344569058519696, "High01Sigma": 0.022071926184144854, "Low01Sigma": 0.01926774034196339}, "r_ggH_1J_med": {"FracHigh01Sigma": 0.13977852632073157, "FracLow01Sigma": 0.13945908428241657, "nominal": 11.281296179999952, "High01Sigma": 1.5768829550280918, "Low01Sigma": 1.5732792347815174}, "r_WH_lep_low": {"FracHigh01Sigma": 0.028913664589601585, "FracLow01Sigma": 0.028424996944213077, "nominal": 0.4726799269289961, "High01Sigma": 0.013666908865462379, "Low01Sigma": 0.013435925478547574}, "r_ggH_2J_high": {"FracHigh01Sigma": 0.2541866744591849, "FracLow01Sigma": 0.2540173387520735, "nominal": 2.130720256900051, "High01Sigma": 0.5416006963042441, "Low01Sigma": 0.5412398892828854}, "r_qqH_high_mjj_low_pthjj": {"FracHigh01Sigma": 0.0588626904427109, "FracLow01Sigma": 0.058031670261700044, "nominal": 1.6042721059999956, "High01Sigma": 0.09443177236135362, "Low01Sigma": 0.09309858986543484}, "r_WH_lep_high": {"FracHigh01Sigma": 0.028913664589601984, "FracLow01Sigma": 0.02842499694421281, "nominal": 0.41957324555759645, "High01Sigma": 0.012131400092823055, "Low01Sigma": 0.01192636822284813}, "r_qqH_low_mjj_low_pthjj": {"FracHigh01Sigma": 0.10463144991307236, "FracLow01Sigma": 0.10425824228895687, "nominal": 1.5905733468268248, "High01Sigma": 0.1664239954715788, "Low01Sigma": 0.16583038137182812}, "r_qqH_BSM": {"FracHigh01Sigma": 0.032644885013400654, "FracLow01Sigma": 0.031725586388647, "nominal": 0.371819648782889, "High01Sigma": 0.012138009680240426, "Low01Sigma": 0.011796196388457929}, "r_qqH_high_mjj_high_pthjj": {"FracHigh01Sigma": 0.11243454950970408, "FracLow01Sigma": 0.11217981523371037, "nominal": 0.7380191769404976, "High01Sigma": 0.08297885368882743, "Low01Sigma": 0.08279085490812002}, "r_ggH_BSM_low": {"FracHigh01Sigma": 0.24429887266439027, "FracLow01Sigma": 0.2441230358562761, "nominal": 1.1078351236092654, "High01Sigma": 0.27064287179575897, "Low01Sigma": 0.27044807360370676}, "r_ggH_0J_low": {"FracHigh01Sigma": 0.0678527818147492, "FracLow01Sigma": 0.06719995678485335, "nominal": 15.295364419999935, "High01Sigma": 1.0378330247673335, "Low01Sigma": 1.0278478280325791}, "r_ttH_medlow": {"FracHigh01Sigma": 0.07144928271158488, "FracLow01Sigma": 0.10048285341646948, "nominal": 0.39978293409999754, "High01Sigma": 0.02856420388177763, "Low01Sigma": 0.04017132996557613}, "r_ggH_2J_med": {"FracHigh01Sigma": 0.2269817709263117, "FracLow01Sigma": 0.2267891452615237, "nominal": 4.559564062171551, "High01Sigma": 1.0349379254836664, "Low01Sigma": 1.034059636425047}, "r_ggH_0J_high": {"FracHigh01Sigma": 0.0664016359346762, "FracLow01Sigma": 0.06575118814469905, "nominal": 44.502792487999805, "High01Sigma": 2.955058224864606, "Low01Sigma": 2.9261114818429745}, "r_ttH_medhigh": {"FracHigh01Sigma": 0.07144928271158485, "FracLow01Sigma": 0.10048285341646894, "nominal": 0.2957219572999982, "High01Sigma": 0.021129121731150793, "Low01Sigma": 0.029714986087407004}, "r_qqH_VHhad": {"FracHigh01Sigma": 0.08256267892130395, "FracLow01Sigma": 0.0770174125055136, "nominal": 1.2956710645100913, "High01Sigma": 0.10697407408677076, "Low01Sigma": 0.09978923284683162}, "r_ttH_high": {"FracHigh01Sigma": 0.07144928271158488, "FracLow01Sigma": 0.1004828534164689, "nominal": 0.18521472529999888, "High01Sigma": 0.013233459270308152, "Low01Sigma": 0.01861090409289134}, "r_ggH_1J_high": {"FracHigh01Sigma": 0.19365174928205545, "FracLow01Sigma": 0.19342333895232952, "nominal": 2.0070341199999917, "High01Sigma": 0.3886656682067692, "Low01Sigma": 0.3882072408816488}, "r_ggH_BSM_high": {"FracHigh01Sigma": 0.32411954100384494, "FracLow01Sigma": 0.3239876067942764, "nominal": 0.32920709783436863, "High01Sigma": 0.10670245344528344, "Low01Sigma": 0.10665901976704631}, "r_ttH_low": {"FracHigh01Sigma": 0.07144928271158504, "FracLow01Sigma": 0.10048285341646884, "nominal": 0.2590013249999984, "High01Sigma": 0.018505458892600003, "Low01Sigma": 0.026025192174646047}, "r_qqH_low_mjj_high_pthjj": {"FracHigh01Sigma": 0.15581177478503286, "FracLow01Sigma": 0.15560565362177034, "nominal": 1.2627650001153952, "High01Sigma": 0.19675365580440193, "Low01Sigma": 0.19649337321365096}, "r_ggH_2J_low": {"FracHigh01Sigma": 0.2359810916752712, "FracLow01Sigma": 0.23577734463140096, "nominal": 2.8342578664118485, "High01Sigma": 0.668831265405093, "Low01Sigma": 0.6682537937432456}, "r_ggH_1J_low": {"FracHigh01Sigma": 0.13947183546448058, "FracLow01Sigma": 0.13912525359865555, "nominal": 16.28785381999993, "High01Sigma": 2.271696868052542, "Low01Sigma": 2.266051793285321}}